{"floor_area_sqm": 93.0, "lease_commence_date": 1994.0, "Tranc_Month": 7.0, "Mall_Nearest_Distance": 597.789491, "Mall_Within_2km": 5.0, "Hawker_Nearest_Distance": 788.3641413, "hawker_food_stalls": 43.0, "hawker_market_stalls": 45.0, "mrt_nearest_distance": 630.1813687935484, "pri_sch_nearest_distance": 360.23918272008115, "Tranc_Year": 2020.0, "mid_storey": 8.0, "max_floor_lvl": 14.0, "Latitude": 1.36572552222846, "Longitude": 103.844987122713, "vacancy": 48.0, "pri_sch_affiliation": 0.0, "sec_sch_nearest_dist": 456.49469498955193}