{
  "ANG MO KIO": {
    "resale_price": 400000.0,
    "floor_area_sqm": 81.0,
    "hdb_age": 45.0,
    "distance_from_cbd": 9.016158845007963,
    "mrt_nearest_distance": 684.9856253765297,
    "Hawker_Nearest_Distance": 314.3876004,
    "Mall_Nearest_Distance": 805.04377,
    "pri_sch_nearest_distance": 410.813106340303,
    "max_floor_lvl": 12.0,
    "storey_ratio": 0.6071428571428571
  },
  "BEDOK": {
    "resale_price": 416000.0,
    "floor_area_sqm": 85.0,
    "hdb_age": 45.0,
    "distance_from_cbd": 9.897079859801298,
    "mrt_nearest_distance": 621.38549814572,
    "Hawker_Nearest_Distance": 365.7980617,
    "Mall_Nearest_Distance": 891.8769055,
    "pri_sch_nearest_distance": 430.3011400141428,
    "max_floor_lvl": 13.0,
    "storey_ratio": 0.5555555555555556
  },
  "BISHAN": {
    "resale_price": 655000.0,
    "floor_area_sqm": 105.0,
    "hdb_age": 37.0,
    "distance_from_cbd": 7.276915307238898,
    "mrt_nearest_distance": 750.2035864524414,
    "Hawker_Nearest_Distance": 806.211393,
    "Mall_Nearest_Distance": 808.9608457,
    "pri_sch_nearest_distance": 416.050846683416,
    "max_floor_lvl": 13.0,
    "storey_ratio": 0.5
  },
  "BUKIT BATOK": {
    "resale_price": 440000.0,
    "floor_area_sqm": 93.0,
    "hdb_age": 38.0,
    "distance_from_cbd": 13.447675121790486,
    "mrt_nearest_distance": 678.3307401343952,
    "Hawker_Nearest_Distance": 1899.777712,
    "Mall_Nearest_Distance": 914.4411456467044,
    "pri_sch_nearest_distance": 384.2801568626128,
    "max_floor_lvl": 13.0,
    "storey_ratio": 0.5333333333333333
  },
  "BUKIT MERAH": {
    "resale_price": 620000.0,
    "floor_area_sqm": 90.0,
    "hdb_age": 40.0,
    "distance_from_cbd": 3.2066498544963755,
    "mrt_nearest_distance": 567.9307828933544,
    "Hawker_Nearest_Distance": 287.211751,
    "Mall_Nearest_Distance": 700.2070125,
    "pri_sch_nearest_distance": 391.1284053939136,
    "max_floor_lvl": 21.0,
    "storey_ratio": 0.5
  },
  "BUKIT PANJANG": {
    "resale_price": 465000.0,
    "floor_area_sqm": 103.0,
    "hdb_age": 26.0,
    "distance_from_cbd": 13.96926010903233,
    "mrt_nearest_distance": 607.561173530451,
    "Hawker_Nearest_Distance": 1036.115069,
    "Mall_Nearest_Distance": 445.7327802,
    "pri_sch_nearest_distance": 335.0926226020564,
    "max_floor_lvl": 17.0,
    "storey_ratio": 0.5333333333333333
  },
  "BUKIT TIMAH": {
    "resale_price": 735000.0,
    "floor_area_sqm": 104.0,
    "hdb_age": 37.0,
    "distance_from_cbd": 9.966477902218093,
    "mrt_nearest_distance": 363.7699836671934,
    "Hawker_Nearest_Distance": 292.0226793,
    "Mall_Nearest_Distance": 546.0905946,
    "pri_sch_nearest_distance": 382.4088601344384,
    "max_floor_lvl": 13.0,
    "storey_ratio": 0.6153846153846154
  },
  "CENTRAL AREA": {
    "resale_price": 533000.0,
    "floor_area_sqm": 82.0,
    "hdb_age": 42.0,
    "distance_from_cbd": 1.6916822357385561,
    "mrt_nearest_distance": 338.2652853743704,
    "Hawker_Nearest_Distance": 196.0571776,
    "Mall_Nearest_Distance": 296.3000937,
    "pri_sch_nearest_distance": 435.1612649352506,
    "max_floor_lvl": 21.0,
    "storey_ratio": 0.5833333333333334
  },
  "CHOA CHU KANG": {
    "resale_price": 470000.0,
    "floor_area_sqm": 106.0,
    "hdb_age": 27.0,
    "distance_from_cbd": 15.829889090328829,
    "mrt_nearest_distance": 611.6254727681745,
    "Hawker_Nearest_Distance": 3410.304987,
    "Mall_Nearest_Distance": 357.8235231,
    "pri_sch_nearest_distance": 357.24096626733814,
    "max_floor_lvl": 15.0,
    "storey_ratio": 0.5333333333333333
  },
  "CLEMENTI": {
    "resale_price": 452000.0,
    "floor_area_sqm": 82.0,
    "hdb_age": 45.0,
    "distance_from_cbd": 9.772652999832937,
    "mrt_nearest_distance": 674.9334568577339,
    "Hawker_Nearest_Distance": 405.1799685,
    "Mall_Nearest_Distance": 497.5302318,
    "pri_sch_nearest_distance": 487.4248201747308,
    "max_floor_lvl": 12.0,
    "storey_ratio": 0.56
  },
  "GEYLANG": {
    "resale_price": 420000.0,
    "floor_area_sqm": 83.0,
    "hdb_age": 43.0,
    "distance_from_cbd": 5.797419455164498,
    "mrt_nearest_distance": 435.3953193367809,
    "Hawker_Nearest_Distance": 281.7484986,
    "Mall_Nearest_Distance": 922.026694,
    "pri_sch_nearest_distance": 514.9185208068237,
    "max_floor_lvl": 12.0,
    "storey_ratio": 0.5
  },
  "HOUGANG": {
    "resale_price": 468000.0,
    "floor_area_sqm": 100.0,
    "hdb_age": 36.0,
    "distance_from_cbd": 10.214521258766133,
    "mrt_nearest_distance": 808.2919219601009,
    "Hawker_Nearest_Distance": 750.3560488,
    "Mall_Nearest_Distance": 481.5075301,
    "pri_sch_nearest_distance": 328.3195909293361,
    "max_floor_lvl": 13.0,
    "storey_ratio": 0.5333333333333333
  },
  "JURONG EAST": {
    "resale_price": 430000.0,
    "floor_area_sqm": 93.0,
    "hdb_age": 41.0,
    "distance_from_cbd": 13.366221171242923,
    "mrt_nearest_distance": 793.0131405671065,
    "Hawker_Nearest_Distance": 495.1957703,
    "Mall_Nearest_Distance": 1063.046382,
    "pri_sch_nearest_distance": 463.4374833004194,
    "max_floor_lvl": 13.0,
    "storey_ratio": 0.5
  },
  "JURONG WEST": {
    "resale_price": 446000.0,
    "floor_area_sqm": 104.0,
    "hdb_age": 28.0,
    "distance_from_cbd": 17.14920407459135,
    "mrt_nearest_distance": 816.4091183793187,
    "Hawker_Nearest_Distance": 940.5984156,
    "Mall_Nearest_Distance": 531.9040007,
    "pri_sch_nearest_distance": 411.8972865322617,
    "max_floor_lvl": 15.0,
    "storey_ratio": 0.5
  },
  "KALLANG/WHAMPOA": {
    "resale_price": 528000.0,
    "floor_area_sqm": 86.0,
    "hdb_age": 42.0,
    "distance_from_cbd": 3.821486247237319,
    "mrt_nearest_distance": 426.5896215555979,
    "Hawker_Nearest_Distance": 361.854708,
    "Mall_Nearest_Distance": 981.1752126,
    "pri_sch_nearest_distance": 490.753876911375,
    "max_floor_lvl": 16.0,
    "storey_ratio": 0.5333333333333333
  },
  "MARINE PARADE": {
    "resale_price": 490000.0,
    "floor_area_sqm": 79.0,
    "hdb_age": 50.0,
    "distance_from_cbd": 7.16287072184707,
    "mrt_nearest_distance": 1881.266778637239,
    "Hawker_Nearest_Distance": 309.45653,
    "Mall_Nearest_Distance": 842.0168754,
    "pri_sch_nearest_distance": 251.5230210614549,
    "max_floor_lvl": 16.0,
    "storey_ratio": 0.56
  },
  "PASIR RIS": {
    "resale_price": 538000.0,
    "floor_area_sqm": 122.0,
    "hdb_age": 32.0,
    "distance_from_cbd": 14.38015575689975,
    "mrt_nearest_distance": 1080.544788383875,
    "Hawker_Nearest_Distance": 1023.643833,
    "Mall_Nearest_Distance": 609.1202106,
    "pri_sch_nearest_distance": 299.1644581260973,
    "max_floor_lvl": 13.0,
    "storey_ratio": 0.5
  },
  "PUNGGOL": {
    "resale_price": 520000.0,
    "floor_area_sqm": 93.0,
    "hdb_age": 12.0,
    "distance_from_cbd": 13.890110787775471,
    "mrt_nearest_distance": 381.39640497211883,
    "Hawker_Nearest_Distance": 3861.800662,
    "Mall_Nearest_Distance": 499.6268059,
    "pri_sch_nearest_distance": 267.57151865867473,
    "max_floor_lvl": 17.0,
    "storey_ratio": 0.5714285714285714
  },
  "QUEENSTOWN": {
    "resale_price": 605000.0,
    "floor_area_sqm": 82.0,
    "hdb_age": 30.0,
    "distance_from_cbd": 5.86571963329255,
    "mrt_nearest_distance": 454.9995446078372,
    "Hawker_Nearest_Distance": 331.1235382,
    "Mall_Nearest_Distance": 614.5004413,
    "pri_sch_nearest_distance": 638.0792483869652,
    "max_floor_lvl": 22.0,
    "storey_ratio": 0.5
  },
  "SEMBAWANG": {
    "resale_price": 475000.0,
    "floor_area_sqm": 100.0,
    "hdb_age": 24.0,
    "distance_from_cbd": 18.131934761777746,
    "mrt_nearest_distance": 546.5158558080645,
    "Hawker_Nearest_Distance": 2044.738399,
    "Mall_Nearest_Distance": 536.8427578,
    "pri_sch_nearest_distance": 279.9789838348823,
    "max_floor_lvl": 15.0,
    "storey_ratio": 0.5333333333333333
  },
  "SENGKANG": {
    "resale_price": 505000.0,
    "floor_area_sqm": 95.0,
    "hdb_age": 20.0,
    "distance_from_cbd": 12.106119305349575,
    "mrt_nearest_distance": 427.5418426301441,